Date_index,Date,Hospitalized0,3/5/20,1,3/6/20,2,3/7/20,3,3/8/20,4,3/9/20,5,3/10/20,10,3/15/20,11,3/16/20,12,3/17/20,13,3/18/20,14,3/19/20,15,3/20/20,16,3/21/20,17,3/22/20,18,3/23/20,19,3/24/20,20,3/25/20,21,3/26/20,13222,3/27/20,17323,3/28/20,22624,3/29/20,27725,3/30/20,35326,3/31/20,42927,4/1/20,52228,4/2/20,582